{
    "loss": 13.04574966430664,
    "accuracy": 0.5686274766921997
}