{
    "loss": 1.764227032661438,
    "accuracy": 0.8039215803146362
}