{
    "loss": 5.540187358856201,
    "accuracy": 0.7254902124404907
}